{"success":true,"coords":[[11.5507509999999999905639924691058695316314697265625,104.912102000000004409230314195156097412109375],[11.5507509999999999905639924691058695316314697265625,104.912102000000004409230314195156097412109375]],"distance":0}