{"success":true,"coords":[[11.550791000000000252612153417430818080902099609375,104.9120520000000027494024834595620632171630859375],[11.550791000000000252612153417430818080902099609375,104.9120520000000027494024834595620632171630859375]],"distance":0}