{"success":true,"coords":[[11.57577500000000014779288903810083866119384765625,104.8527069999999952187863527797162532806396484375],[11.57577500000000014779288903810083866119384765625,104.8527069999999952187863527797162532806396484375]],"distance":0}