{"success":true,"coords":[[11.57577500000000014779288903810083866119384765625,104.8527059999999977435436449013650417327880859375],[11.57577500000000014779288903810083866119384765625,104.8527059999999977435436449013650417327880859375]],"distance":0}