{"success":true,"coords":[[11.55073900000000008958522812463343143463134765625,104.912116999999994959580362774431705474853515625],[11.55073900000000008958522812463343143463134765625,104.912116999999994959580362774431705474853515625]],"distance":0}