{"success":true,"coords":[[11.57577500000000014779288903810083866119384765625,104.8527040000000027930582291446626186370849609375],[11.5757729999999998682369550806470215320587158203125,104.8526949999999970941644278354942798614501953125]],"distance":1}