{"success":true,"coords":[[11.5507539999999995217194737051613628864288330078125,104.9120989999999977726474753580987453460693359375],[11.5508199999999998652810972998850047588348388671875,104.912015999999994164681993424892425537109375]],"distance":11.5999999999999996447286321199499070644378662109375}