{"success":true,"coords":[[11.57577500000000014779288903810083866119384765625,104.8527059999999977435436449013650417327880859375],[11.575770999999999588681021123193204402923583984375,104.8526839999999964447852107696235179901123046875]],"distance":2.399999999999999911182158029987476766109466552734375}