{"success":true,"coords":[[11.5507620000000006399432095349766314029693603515625,104.9120889999999945985109661705791950225830078125],[11.5507620000000006399432095349766314029693603515625,104.9120889999999945985109661705791950225830078125]],"distance":0}