{"success":true,"coords":[[11.575773999999999119836502359248697757720947265625,104.852699999999998681232682429254055023193359375],[11.57577500000000014779288903810083866119384765625,104.8527069999999952187863527797162532806396484375]],"distance":0.8000000000000000444089209850062616169452667236328125}